bytes,content-type,elapsed,endpoint,resource,status,entry-date,start-date,end-date
148985,application/json,1.045,f8d5163c023f27f599fee22535f5959e52f18313755fcb3243c78577985cda2d,8f35e0a7bbca0daeda982d6f39aac0afa7b0fae1bf9419c53a5d279f450ad7b3,200,2021-11-01T16:34:27.112881,,
148985,application/json,0.522,f8d5163c023f27f599fee22535f5959e52f18313755fcb3243c78577985cda2d,8f35e0a7bbca0daeda982d6f39aac0afa7b0fae1bf9419c53a5d279f450ad7b3,200,2021-11-02T00:20:34.924252,,
148985,application/json,0.678,f8d5163c023f27f599fee22535f5959e52f18313755fcb3243c78577985cda2d,8f35e0a7bbca0daeda982d6f39aac0afa7b0fae1bf9419c53a5d279f450ad7b3,200,2021-11-03T00:19:50.592135,,
148985,application/json,2.139,f8d5163c023f27f599fee22535f5959e52f18313755fcb3243c78577985cda2d,8f35e0a7bbca0daeda982d6f39aac0afa7b0fae1bf9419c53a5d279f450ad7b3,200,2021-11-04T00:20:37.020092,,
148985,application/json,0.943,f8d5163c023f27f599fee22535f5959e52f18313755fcb3243c78577985cda2d,8f35e0a7bbca0daeda982d6f39aac0afa7b0fae1bf9419c53a5d279f450ad7b3,200,2021-11-05T00:20:39.280075,,
148985,application/json,0.524,f8d5163c023f27f599fee22535f5959e52f18313755fcb3243c78577985cda2d,8f35e0a7bbca0daeda982d6f39aac0afa7b0fae1bf9419c53a5d279f450ad7b3,200,2021-11-06T00:19:26.151694,,
148985,application/json,1.543,f8d5163c023f27f599fee22535f5959e52f18313755fcb3243c78577985cda2d,8f35e0a7bbca0daeda982d6f39aac0afa7b0fae1bf9419c53a5d279f450ad7b3,200,2021-11-07T00:21:14.985727,,
148985,application/json,1.123,f8d5163c023f27f599fee22535f5959e52f18313755fcb3243c78577985cda2d,8f35e0a7bbca0daeda982d6f39aac0afa7b0fae1bf9419c53a5d279f450ad7b3,200,2021-11-08T00:21:27.541970,,
148985,application/json,1.739,f8d5163c023f27f599fee22535f5959e52f18313755fcb3243c78577985cda2d,8f35e0a7bbca0daeda982d6f39aac0afa7b0fae1bf9419c53a5d279f450ad7b3,200,2021-11-09T00:20:12.606875,,
148985,application/json,0.715,f8d5163c023f27f599fee22535f5959e52f18313755fcb3243c78577985cda2d,8f35e0a7bbca0daeda982d6f39aac0afa7b0fae1bf9419c53a5d279f450ad7b3,200,2021-11-10T00:20:20.798237,,
148985,application/json,1.719,f8d5163c023f27f599fee22535f5959e52f18313755fcb3243c78577985cda2d,8f35e0a7bbca0daeda982d6f39aac0afa7b0fae1bf9419c53a5d279f450ad7b3,200,2021-11-11T00:21:19.142311,,
148985,application/json,0.765,f8d5163c023f27f599fee22535f5959e52f18313755fcb3243c78577985cda2d,8f35e0a7bbca0daeda982d6f39aac0afa7b0fae1bf9419c53a5d279f450ad7b3,200,2021-11-12T00:21:18.397575,,
148985,application/json,1.561,f8d5163c023f27f599fee22535f5959e52f18313755fcb3243c78577985cda2d,8f35e0a7bbca0daeda982d6f39aac0afa7b0fae1bf9419c53a5d279f450ad7b3,200,2021-11-13T00:19:38.060962,,
148985,application/json,2.18,f8d5163c023f27f599fee22535f5959e52f18313755fcb3243c78577985cda2d,8f35e0a7bbca0daeda982d6f39aac0afa7b0fae1bf9419c53a5d279f450ad7b3,200,2021-11-14T00:21:47.514776,,
148985,application/json,1.377,f8d5163c023f27f599fee22535f5959e52f18313755fcb3243c78577985cda2d,8f35e0a7bbca0daeda982d6f39aac0afa7b0fae1bf9419c53a5d279f450ad7b3,200,2021-11-15T00:21:20.314060,,
148985,application/json,1.927,f8d5163c023f27f599fee22535f5959e52f18313755fcb3243c78577985cda2d,8f35e0a7bbca0daeda982d6f39aac0afa7b0fae1bf9419c53a5d279f450ad7b3,200,2021-11-16T00:20:22.948772,,
148985,application/json,2.05,f8d5163c023f27f599fee22535f5959e52f18313755fcb3243c78577985cda2d,8f35e0a7bbca0daeda982d6f39aac0afa7b0fae1bf9419c53a5d279f450ad7b3,200,2021-11-17T00:21:05.931949,,
148984,application/json,1.838,f8d5163c023f27f599fee22535f5959e52f18313755fcb3243c78577985cda2d,8f35e0a7bbca0daeda982d6f39aac0afa7b0fae1bf9419c53a5d279f450ad7b3,200,2021-11-18T00:21:43.885198,,
148984,application/json,0.509,f8d5163c023f27f599fee22535f5959e52f18313755fcb3243c78577985cda2d,8f35e0a7bbca0daeda982d6f39aac0afa7b0fae1bf9419c53a5d279f450ad7b3,200,2021-11-19T00:20:30.658384,,
148984,application/json,1.839,f8d5163c023f27f599fee22535f5959e52f18313755fcb3243c78577985cda2d,8f35e0a7bbca0daeda982d6f39aac0afa7b0fae1bf9419c53a5d279f450ad7b3,200,2021-11-20T00:20:33.127017,,
148984,application/json,1.683,f8d5163c023f27f599fee22535f5959e52f18313755fcb3243c78577985cda2d,8f35e0a7bbca0daeda982d6f39aac0afa7b0fae1bf9419c53a5d279f450ad7b3,200,2021-11-21T00:21:30.433268,,
148984,application/json,0.685,f8d5163c023f27f599fee22535f5959e52f18313755fcb3243c78577985cda2d,8f35e0a7bbca0daeda982d6f39aac0afa7b0fae1bf9419c53a5d279f450ad7b3,200,2021-11-22T00:21:16.868335,,
148984,application/json,1.532,f8d5163c023f27f599fee22535f5959e52f18313755fcb3243c78577985cda2d,8f35e0a7bbca0daeda982d6f39aac0afa7b0fae1bf9419c53a5d279f450ad7b3,200,2021-11-23T00:20:51.991223,,
148984,application/json,0.711,f8d5163c023f27f599fee22535f5959e52f18313755fcb3243c78577985cda2d,8f35e0a7bbca0daeda982d6f39aac0afa7b0fae1bf9419c53a5d279f450ad7b3,200,2021-11-24T00:20:51.729465,,
148984,application/json,2.568,f8d5163c023f27f599fee22535f5959e52f18313755fcb3243c78577985cda2d,8f35e0a7bbca0daeda982d6f39aac0afa7b0fae1bf9419c53a5d279f450ad7b3,200,2021-11-25T00:21:26.380004,,
,,29.264,f8d5163c023f27f599fee22535f5959e52f18313755fcb3243c78577985cda2d,,,2021-11-26T00:20:51.266772,,
148984,application/json,2.019,f8d5163c023f27f599fee22535f5959e52f18313755fcb3243c78577985cda2d,8f35e0a7bbca0daeda982d6f39aac0afa7b0fae1bf9419c53a5d279f450ad7b3,200,2021-11-27T00:20:35.507044,,
148984,application/json,1.52,f8d5163c023f27f599fee22535f5959e52f18313755fcb3243c78577985cda2d,8f35e0a7bbca0daeda982d6f39aac0afa7b0fae1bf9419c53a5d279f450ad7b3,200,2021-11-28T00:22:21.976356,,
148984,application/json,1.052,f8d5163c023f27f599fee22535f5959e52f18313755fcb3243c78577985cda2d,8f35e0a7bbca0daeda982d6f39aac0afa7b0fae1bf9419c53a5d279f450ad7b3,200,2021-11-29T00:21:48.629436,,
148984,application/json,0.733,f8d5163c023f27f599fee22535f5959e52f18313755fcb3243c78577985cda2d,8f35e0a7bbca0daeda982d6f39aac0afa7b0fae1bf9419c53a5d279f450ad7b3,200,2021-11-30T00:20:58.668904,,
148984,application/json,1.566,f8d5163c023f27f599fee22535f5959e52f18313755fcb3243c78577985cda2d,8f35e0a7bbca0daeda982d6f39aac0afa7b0fae1bf9419c53a5d279f450ad7b3,200,2021-12-01T00:22:47.810101,,
4367106,application/json,1.034,41fc6aaaf2059002dfe1401841e88a56278f580c6c425683f5fba935b339bdcd,565ccd7f93f479428b2164f3e02e49a454f47721bf418b1a153ac19049ec05ea,200,2021-12-02T00:21:13.305179,,
97046,application/json,0.493,504c4c95f0386ed91bb3e2e4bbc801f6cc9a3e5d48ef5942e650de7bc90990e4,b2a456b6735fb44e4ec7b86f1dd662802a3b123d29accc057149c24ebdbdfe09,200,2021-12-02T00:21:13.305179,,
,text/plain,1.39,5c77ad0fb2f636d434a873f6de0d29aaeaca7c37808b77e00dfe6b8726988bf2,06b04d580c663b3be92b052f51c54f773cd1e10907fa34fee26e21f79f5fd146,200,2021-12-02T08:15:52.563824,,
20095,application/zip,0.086,810751d8f4697034343d69ea0b5f365362089c9d2c083a63d6a3815b17b2a44b,2c8acd4d9e2920fb257b14ebcfb42344dea71e76572966f47f95641e0984fabe,200,2021-12-02T00:21:13.305179,,
145115,application/zip,0.098,9303b2ab116396afad0e4b9f9c827ae2993fa8cc355398eb164e6b4081cfbc5c,cab148c36aaec04f795c14ab88b2bba4b1d713578d17dab1b5e4d782ee78b705,200,2021-12-02T00:21:13.305179,,
23511,application/zip,0.118,b40560f8bae3605c599de6cdd59271c4b218c305134fd32586e20a681c183f74,f9c98a7bb2fe99b4fffb86a5d8f4d840119f6fa72c7b2876ed5dac7d78fa39bf,200,2021-12-02T00:21:13.305179,,
34852,application/zip,0.097,b7c82241d5ad27c0f92cb464dca91aea2461802b345fe3e9df55e844f4dc477e,20ab1d84c669217e70328f90d2379c75c59a3889945bfba4941090021ab2214f,200,2021-12-02T00:21:13.305179,,
148984,application/json,0.729,f8d5163c023f27f599fee22535f5959e52f18313755fcb3243c78577985cda2d,8f35e0a7bbca0daeda982d6f39aac0afa7b0fae1bf9419c53a5d279f450ad7b3,200,2021-12-02T00:21:13.305179,,
4367106,application/json,1.64,41fc6aaaf2059002dfe1401841e88a56278f580c6c425683f5fba935b339bdcd,565ccd7f93f479428b2164f3e02e49a454f47721bf418b1a153ac19049ec05ea,200,2021-12-03T00:21:18.095699,,
97046,application/json,1.413,504c4c95f0386ed91bb3e2e4bbc801f6cc9a3e5d48ef5942e650de7bc90990e4,b2a456b6735fb44e4ec7b86f1dd662802a3b123d29accc057149c24ebdbdfe09,200,2021-12-03T00:21:18.095699,,
,,120.224,5c77ad0fb2f636d434a873f6de0d29aaeaca7c37808b77e00dfe6b8726988bf2,,,2021-12-03T00:21:18.095699,,
20095,application/zip,0.088,810751d8f4697034343d69ea0b5f365362089c9d2c083a63d6a3815b17b2a44b,2c8acd4d9e2920fb257b14ebcfb42344dea71e76572966f47f95641e0984fabe,200,2021-12-03T00:21:18.095699,,
145115,application/zip,0.1,9303b2ab116396afad0e4b9f9c827ae2993fa8cc355398eb164e6b4081cfbc5c,cab148c36aaec04f795c14ab88b2bba4b1d713578d17dab1b5e4d782ee78b705,200,2021-12-03T00:21:18.095699,,
23511,application/zip,0.243,b40560f8bae3605c599de6cdd59271c4b218c305134fd32586e20a681c183f74,f9c98a7bb2fe99b4fffb86a5d8f4d840119f6fa72c7b2876ed5dac7d78fa39bf,200,2021-12-03T00:21:18.095699,,
34852,application/zip,0.11,b7c82241d5ad27c0f92cb464dca91aea2461802b345fe3e9df55e844f4dc477e,20ab1d84c669217e70328f90d2379c75c59a3889945bfba4941090021ab2214f,200,2021-12-03T00:21:18.095699,,
148984,application/json,1.923,f8d5163c023f27f599fee22535f5959e52f18313755fcb3243c78577985cda2d,8f35e0a7bbca0daeda982d6f39aac0afa7b0fae1bf9419c53a5d279f450ad7b3,200,2021-12-03T00:21:18.095699,,
4367106,application/json,0.887,41fc6aaaf2059002dfe1401841e88a56278f580c6c425683f5fba935b339bdcd,565ccd7f93f479428b2164f3e02e49a454f47721bf418b1a153ac19049ec05ea,200,2021-12-04T00:21:05.792888,,
97046,application/json,0.509,504c4c95f0386ed91bb3e2e4bbc801f6cc9a3e5d48ef5942e650de7bc90990e4,b2a456b6735fb44e4ec7b86f1dd662802a3b123d29accc057149c24ebdbdfe09,200,2021-12-04T00:21:05.792888,,
,,120.201,5c77ad0fb2f636d434a873f6de0d29aaeaca7c37808b77e00dfe6b8726988bf2,,,2021-12-04T00:21:05.792888,,
20095,application/zip,0.094,810751d8f4697034343d69ea0b5f365362089c9d2c083a63d6a3815b17b2a44b,2c8acd4d9e2920fb257b14ebcfb42344dea71e76572966f47f95641e0984fabe,200,2021-12-04T00:21:05.792888,,
145115,application/zip,0.111,9303b2ab116396afad0e4b9f9c827ae2993fa8cc355398eb164e6b4081cfbc5c,cab148c36aaec04f795c14ab88b2bba4b1d713578d17dab1b5e4d782ee78b705,200,2021-12-04T00:21:05.792888,,
23511,application/zip,0.123,b40560f8bae3605c599de6cdd59271c4b218c305134fd32586e20a681c183f74,f9c98a7bb2fe99b4fffb86a5d8f4d840119f6fa72c7b2876ed5dac7d78fa39bf,200,2021-12-04T00:21:05.792888,,
34852,application/zip,0.115,b7c82241d5ad27c0f92cb464dca91aea2461802b345fe3e9df55e844f4dc477e,20ab1d84c669217e70328f90d2379c75c59a3889945bfba4941090021ab2214f,200,2021-12-04T00:21:05.792888,,
148984,application/json,0.524,f8d5163c023f27f599fee22535f5959e52f18313755fcb3243c78577985cda2d,8f35e0a7bbca0daeda982d6f39aac0afa7b0fae1bf9419c53a5d279f450ad7b3,200,2021-12-04T00:21:05.792888,,
4367106,application/json,1.859,41fc6aaaf2059002dfe1401841e88a56278f580c6c425683f5fba935b339bdcd,565ccd7f93f479428b2164f3e02e49a454f47721bf418b1a153ac19049ec05ea,200,2021-12-05T00:23:01.839343,,
97046,application/json,1.45,504c4c95f0386ed91bb3e2e4bbc801f6cc9a3e5d48ef5942e650de7bc90990e4,b2a456b6735fb44e4ec7b86f1dd662802a3b123d29accc057149c24ebdbdfe09,200,2021-12-05T00:23:01.839343,,
,,120.299,5c77ad0fb2f636d434a873f6de0d29aaeaca7c37808b77e00dfe6b8726988bf2,,,2021-12-05T00:23:01.839343,,
20095,application/zip,0.187,810751d8f4697034343d69ea0b5f365362089c9d2c083a63d6a3815b17b2a44b,2c8acd4d9e2920fb257b14ebcfb42344dea71e76572966f47f95641e0984fabe,200,2021-12-05T00:23:01.839343,,
145115,application/zip,0.194,9303b2ab116396afad0e4b9f9c827ae2993fa8cc355398eb164e6b4081cfbc5c,cab148c36aaec04f795c14ab88b2bba4b1d713578d17dab1b5e4d782ee78b705,200,2021-12-05T00:23:01.839343,,
23511,application/zip,0.282,b40560f8bae3605c599de6cdd59271c4b218c305134fd32586e20a681c183f74,f9c98a7bb2fe99b4fffb86a5d8f4d840119f6fa72c7b2876ed5dac7d78fa39bf,200,2021-12-05T00:23:01.839343,,
34852,application/zip,0.182,b7c82241d5ad27c0f92cb464dca91aea2461802b345fe3e9df55e844f4dc477e,20ab1d84c669217e70328f90d2379c75c59a3889945bfba4941090021ab2214f,200,2021-12-05T00:23:01.839343,,
148984,application/json,2.023,f8d5163c023f27f599fee22535f5959e52f18313755fcb3243c78577985cda2d,8f35e0a7bbca0daeda982d6f39aac0afa7b0fae1bf9419c53a5d279f450ad7b3,200,2021-12-05T00:23:01.839343,,
4367106,application/json,0.859,41fc6aaaf2059002dfe1401841e88a56278f580c6c425683f5fba935b339bdcd,565ccd7f93f479428b2164f3e02e49a454f47721bf418b1a153ac19049ec05ea,200,2021-12-06T00:21:47.444777,,
97046,application/json,0.428,504c4c95f0386ed91bb3e2e4bbc801f6cc9a3e5d48ef5942e650de7bc90990e4,b2a456b6735fb44e4ec7b86f1dd662802a3b123d29accc057149c24ebdbdfe09,200,2021-12-06T00:21:47.444777,,
,,120.217,5c77ad0fb2f636d434a873f6de0d29aaeaca7c37808b77e00dfe6b8726988bf2,,,2021-12-06T00:21:47.444777,,
20095,application/zip,0.098,810751d8f4697034343d69ea0b5f365362089c9d2c083a63d6a3815b17b2a44b,2c8acd4d9e2920fb257b14ebcfb42344dea71e76572966f47f95641e0984fabe,200,2021-12-06T00:21:47.444777,,
145115,application/zip,0.109,9303b2ab116396afad0e4b9f9c827ae2993fa8cc355398eb164e6b4081cfbc5c,cab148c36aaec04f795c14ab88b2bba4b1d713578d17dab1b5e4d782ee78b705,200,2021-12-06T00:21:47.444777,,
23511,application/zip,0.132,b40560f8bae3605c599de6cdd59271c4b218c305134fd32586e20a681c183f74,f9c98a7bb2fe99b4fffb86a5d8f4d840119f6fa72c7b2876ed5dac7d78fa39bf,200,2021-12-06T00:21:47.444777,,
34852,application/zip,0.094,b7c82241d5ad27c0f92cb464dca91aea2461802b345fe3e9df55e844f4dc477e,20ab1d84c669217e70328f90d2379c75c59a3889945bfba4941090021ab2214f,200,2021-12-06T00:21:47.444777,,
148984,application/json,0.708,f8d5163c023f27f599fee22535f5959e52f18313755fcb3243c78577985cda2d,8f35e0a7bbca0daeda982d6f39aac0afa7b0fae1bf9419c53a5d279f450ad7b3,200,2021-12-06T00:21:47.444777,,
4367106,application/json,2.209,41fc6aaaf2059002dfe1401841e88a56278f580c6c425683f5fba935b339bdcd,565ccd7f93f479428b2164f3e02e49a454f47721bf418b1a153ac19049ec05ea,200,2021-12-07T00:22:05.820326,,
97046,application/json,4.827,504c4c95f0386ed91bb3e2e4bbc801f6cc9a3e5d48ef5942e650de7bc90990e4,b2a456b6735fb44e4ec7b86f1dd662802a3b123d29accc057149c24ebdbdfe09,200,2021-12-07T00:22:05.820326,,
,,120.243,5c77ad0fb2f636d434a873f6de0d29aaeaca7c37808b77e00dfe6b8726988bf2,,,2021-12-07T00:22:05.820326,,
20095,application/zip,0.174,810751d8f4697034343d69ea0b5f365362089c9d2c083a63d6a3815b17b2a44b,2c8acd4d9e2920fb257b14ebcfb42344dea71e76572966f47f95641e0984fabe,200,2021-12-07T00:22:05.820326,,
145115,application/zip,0.353,9303b2ab116396afad0e4b9f9c827ae2993fa8cc355398eb164e6b4081cfbc5c,cab148c36aaec04f795c14ab88b2bba4b1d713578d17dab1b5e4d782ee78b705,200,2021-12-07T00:22:05.820326,,
23511,application/zip,0.284,b40560f8bae3605c599de6cdd59271c4b218c305134fd32586e20a681c183f74,f9c98a7bb2fe99b4fffb86a5d8f4d840119f6fa72c7b2876ed5dac7d78fa39bf,200,2021-12-07T00:22:05.820326,,
34852,application/zip,0.169,b7c82241d5ad27c0f92cb464dca91aea2461802b345fe3e9df55e844f4dc477e,20ab1d84c669217e70328f90d2379c75c59a3889945bfba4941090021ab2214f,200,2021-12-07T00:22:05.820326,,
148984,application/json,2.124,f8d5163c023f27f599fee22535f5959e52f18313755fcb3243c78577985cda2d,8f35e0a7bbca0daeda982d6f39aac0afa7b0fae1bf9419c53a5d279f450ad7b3,200,2021-12-07T00:22:05.820326,,
4367106,application/json,1.083,41fc6aaaf2059002dfe1401841e88a56278f580c6c425683f5fba935b339bdcd,565ccd7f93f479428b2164f3e02e49a454f47721bf418b1a153ac19049ec05ea,200,2021-12-08T00:22:11.906321,,
97046,application/json,0.503,504c4c95f0386ed91bb3e2e4bbc801f6cc9a3e5d48ef5942e650de7bc90990e4,b2a456b6735fb44e4ec7b86f1dd662802a3b123d29accc057149c24ebdbdfe09,200,2021-12-08T00:22:11.906321,,
,,120.22,5c77ad0fb2f636d434a873f6de0d29aaeaca7c37808b77e00dfe6b8726988bf2,,,2021-12-08T00:22:11.906321,,
20095,application/zip,0.189,810751d8f4697034343d69ea0b5f365362089c9d2c083a63d6a3815b17b2a44b,2c8acd4d9e2920fb257b14ebcfb42344dea71e76572966f47f95641e0984fabe,200,2021-12-08T00:22:11.906321,,
145115,application/zip,0.203,9303b2ab116396afad0e4b9f9c827ae2993fa8cc355398eb164e6b4081cfbc5c,cab148c36aaec04f795c14ab88b2bba4b1d713578d17dab1b5e4d782ee78b705,200,2021-12-08T00:22:11.906321,,
23511,application/zip,0.199,b40560f8bae3605c599de6cdd59271c4b218c305134fd32586e20a681c183f74,f9c98a7bb2fe99b4fffb86a5d8f4d840119f6fa72c7b2876ed5dac7d78fa39bf,200,2021-12-08T00:22:11.906321,,
34852,application/zip,0.281,b7c82241d5ad27c0f92cb464dca91aea2461802b345fe3e9df55e844f4dc477e,20ab1d84c669217e70328f90d2379c75c59a3889945bfba4941090021ab2214f,200,2021-12-08T00:22:11.906321,,
148984,application/json,0.981,f8d5163c023f27f599fee22535f5959e52f18313755fcb3243c78577985cda2d,8f35e0a7bbca0daeda982d6f39aac0afa7b0fae1bf9419c53a5d279f450ad7b3,200,2021-12-08T00:22:11.906321,,
4367106,application/json,1.629,41fc6aaaf2059002dfe1401841e88a56278f580c6c425683f5fba935b339bdcd,565ccd7f93f479428b2164f3e02e49a454f47721bf418b1a153ac19049ec05ea,200,2021-12-09T00:21:16.735180,,
97046,application/json,1.837,504c4c95f0386ed91bb3e2e4bbc801f6cc9a3e5d48ef5942e650de7bc90990e4,b2a456b6735fb44e4ec7b86f1dd662802a3b123d29accc057149c24ebdbdfe09,200,2021-12-09T00:21:16.735180,,
,,120.185,5c77ad0fb2f636d434a873f6de0d29aaeaca7c37808b77e00dfe6b8726988bf2,,,2021-12-09T00:21:16.735180,,
20095,application/zip,0.098,810751d8f4697034343d69ea0b5f365362089c9d2c083a63d6a3815b17b2a44b,2c8acd4d9e2920fb257b14ebcfb42344dea71e76572966f47f95641e0984fabe,200,2021-12-09T00:21:16.735180,,
145115,application/zip,0.103,9303b2ab116396afad0e4b9f9c827ae2993fa8cc355398eb164e6b4081cfbc5c,cab148c36aaec04f795c14ab88b2bba4b1d713578d17dab1b5e4d782ee78b705,200,2021-12-09T00:21:16.735180,,
23511,application/zip,0.151,b40560f8bae3605c599de6cdd59271c4b218c305134fd32586e20a681c183f74,f9c98a7bb2fe99b4fffb86a5d8f4d840119f6fa72c7b2876ed5dac7d78fa39bf,200,2021-12-09T00:21:16.735180,,
34852,application/zip,0.092,b7c82241d5ad27c0f92cb464dca91aea2461802b345fe3e9df55e844f4dc477e,20ab1d84c669217e70328f90d2379c75c59a3889945bfba4941090021ab2214f,200,2021-12-09T00:21:16.735180,,
148984,application/json,1.677,f8d5163c023f27f599fee22535f5959e52f18313755fcb3243c78577985cda2d,8f35e0a7bbca0daeda982d6f39aac0afa7b0fae1bf9419c53a5d279f450ad7b3,200,2021-12-09T00:21:16.735180,,
4369555,application/json,1.065,41fc6aaaf2059002dfe1401841e88a56278f580c6c425683f5fba935b339bdcd,eb5dbbbc4aed2ec190375d15f06b772559d336b94ba776aa3ddd3c042efa34f8,200,2021-12-10T00:21:47.153469,,
97046,application/json,0.483,504c4c95f0386ed91bb3e2e4bbc801f6cc9a3e5d48ef5942e650de7bc90990e4,b2a456b6735fb44e4ec7b86f1dd662802a3b123d29accc057149c24ebdbdfe09,200,2021-12-10T00:21:47.153469,,
,,120.179,5c77ad0fb2f636d434a873f6de0d29aaeaca7c37808b77e00dfe6b8726988bf2,,,2021-12-10T00:21:47.153469,,
20095,application/zip,0.096,810751d8f4697034343d69ea0b5f365362089c9d2c083a63d6a3815b17b2a44b,2c8acd4d9e2920fb257b14ebcfb42344dea71e76572966f47f95641e0984fabe,200,2021-12-10T00:21:47.153469,,
145115,application/zip,0.103,9303b2ab116396afad0e4b9f9c827ae2993fa8cc355398eb164e6b4081cfbc5c,cab148c36aaec04f795c14ab88b2bba4b1d713578d17dab1b5e4d782ee78b705,200,2021-12-10T00:21:47.153469,,
23511,application/zip,0.278,b40560f8bae3605c599de6cdd59271c4b218c305134fd32586e20a681c183f74,f9c98a7bb2fe99b4fffb86a5d8f4d840119f6fa72c7b2876ed5dac7d78fa39bf,200,2021-12-10T00:21:47.153469,,
34852,application/zip,0.094,b7c82241d5ad27c0f92cb464dca91aea2461802b345fe3e9df55e844f4dc477e,20ab1d84c669217e70328f90d2379c75c59a3889945bfba4941090021ab2214f,200,2021-12-10T00:21:47.153469,,
148984,application/json,0.743,f8d5163c023f27f599fee22535f5959e52f18313755fcb3243c78577985cda2d,8f35e0a7bbca0daeda982d6f39aac0afa7b0fae1bf9419c53a5d279f450ad7b3,200,2021-12-10T00:21:47.153469,,
4369555,application/json,1.645,41fc6aaaf2059002dfe1401841e88a56278f580c6c425683f5fba935b339bdcd,eb5dbbbc4aed2ec190375d15f06b772559d336b94ba776aa3ddd3c042efa34f8,200,2021-12-11T00:21:19.770313,,
97046,application/json,1.634,504c4c95f0386ed91bb3e2e4bbc801f6cc9a3e5d48ef5942e650de7bc90990e4,b2a456b6735fb44e4ec7b86f1dd662802a3b123d29accc057149c24ebdbdfe09,200,2021-12-11T00:21:19.770313,,
,,120.163,5c77ad0fb2f636d434a873f6de0d29aaeaca7c37808b77e00dfe6b8726988bf2,,,2021-12-11T00:21:19.770313,,
20095,application/zip,0.088,810751d8f4697034343d69ea0b5f365362089c9d2c083a63d6a3815b17b2a44b,2c8acd4d9e2920fb257b14ebcfb42344dea71e76572966f47f95641e0984fabe,200,2021-12-11T00:21:19.770313,,
145115,application/zip,0.107,9303b2ab116396afad0e4b9f9c827ae2993fa8cc355398eb164e6b4081cfbc5c,cab148c36aaec04f795c14ab88b2bba4b1d713578d17dab1b5e4d782ee78b705,200,2021-12-11T00:21:19.770313,,
23511,application/zip,0.107,b40560f8bae3605c599de6cdd59271c4b218c305134fd32586e20a681c183f74,f9c98a7bb2fe99b4fffb86a5d8f4d840119f6fa72c7b2876ed5dac7d78fa39bf,200,2021-12-11T00:21:19.770313,,
34852,application/zip,0.096,b7c82241d5ad27c0f92cb464dca91aea2461802b345fe3e9df55e844f4dc477e,20ab1d84c669217e70328f90d2379c75c59a3889945bfba4941090021ab2214f,200,2021-12-11T00:21:19.770313,,
148984,application/json,1.609,f8d5163c023f27f599fee22535f5959e52f18313755fcb3243c78577985cda2d,8f35e0a7bbca0daeda982d6f39aac0afa7b0fae1bf9419c53a5d279f450ad7b3,200,2021-12-11T00:21:19.770313,,
4369555,application/json,1.48,41fc6aaaf2059002dfe1401841e88a56278f580c6c425683f5fba935b339bdcd,eb5dbbbc4aed2ec190375d15f06b772559d336b94ba776aa3ddd3c042efa34f8,200,2021-12-12T00:23:05.044543,,
97046,application/json,1.329,504c4c95f0386ed91bb3e2e4bbc801f6cc9a3e5d48ef5942e650de7bc90990e4,b2a456b6735fb44e4ec7b86f1dd662802a3b123d29accc057149c24ebdbdfe09,200,2021-12-12T00:23:05.044543,,
,,120.147,5c77ad0fb2f636d434a873f6de0d29aaeaca7c37808b77e00dfe6b8726988bf2,,,2021-12-12T00:23:05.044543,,
20095,application/zip,0.088,810751d8f4697034343d69ea0b5f365362089c9d2c083a63d6a3815b17b2a44b,2c8acd4d9e2920fb257b14ebcfb42344dea71e76572966f47f95641e0984fabe,200,2021-12-12T00:23:05.044543,,
145115,application/zip,0.117,9303b2ab116396afad0e4b9f9c827ae2993fa8cc355398eb164e6b4081cfbc5c,cab148c36aaec04f795c14ab88b2bba4b1d713578d17dab1b5e4d782ee78b705,200,2021-12-12T00:23:05.044543,,
23511,application/zip,0.116,b40560f8bae3605c599de6cdd59271c4b218c305134fd32586e20a681c183f74,f9c98a7bb2fe99b4fffb86a5d8f4d840119f6fa72c7b2876ed5dac7d78fa39bf,200,2021-12-12T00:23:05.044543,,
34852,application/zip,0.09,b7c82241d5ad27c0f92cb464dca91aea2461802b345fe3e9df55e844f4dc477e,20ab1d84c669217e70328f90d2379c75c59a3889945bfba4941090021ab2214f,200,2021-12-12T00:23:05.044543,,
148984,application/json,1.689,f8d5163c023f27f599fee22535f5959e52f18313755fcb3243c78577985cda2d,8f35e0a7bbca0daeda982d6f39aac0afa7b0fae1bf9419c53a5d279f450ad7b3,200,2021-12-12T00:23:05.044543,,
4369555,application/json,0.792,41fc6aaaf2059002dfe1401841e88a56278f580c6c425683f5fba935b339bdcd,eb5dbbbc4aed2ec190375d15f06b772559d336b94ba776aa3ddd3c042efa34f8,200,2021-12-13T00:21:33.506817,,
97046,application/json,0.628,504c4c95f0386ed91bb3e2e4bbc801f6cc9a3e5d48ef5942e650de7bc90990e4,b2a456b6735fb44e4ec7b86f1dd662802a3b123d29accc057149c24ebdbdfe09,200,2021-12-13T00:21:33.506817,,
,,120.155,5c77ad0fb2f636d434a873f6de0d29aaeaca7c37808b77e00dfe6b8726988bf2,,,2021-12-13T00:21:33.506817,,
20095,application/zip,0.09,810751d8f4697034343d69ea0b5f365362089c9d2c083a63d6a3815b17b2a44b,2c8acd4d9e2920fb257b14ebcfb42344dea71e76572966f47f95641e0984fabe,200,2021-12-13T00:21:33.506817,,
145115,application/zip,0.104,9303b2ab116396afad0e4b9f9c827ae2993fa8cc355398eb164e6b4081cfbc5c,cab148c36aaec04f795c14ab88b2bba4b1d713578d17dab1b5e4d782ee78b705,200,2021-12-13T00:21:33.506817,,
23511,application/zip,0.124,b40560f8bae3605c599de6cdd59271c4b218c305134fd32586e20a681c183f74,f9c98a7bb2fe99b4fffb86a5d8f4d840119f6fa72c7b2876ed5dac7d78fa39bf,200,2021-12-13T00:21:33.506817,,
34852,application/zip,0.093,b7c82241d5ad27c0f92cb464dca91aea2461802b345fe3e9df55e844f4dc477e,20ab1d84c669217e70328f90d2379c75c59a3889945bfba4941090021ab2214f,200,2021-12-13T00:21:33.506817,,
148984,application/json,0.764,f8d5163c023f27f599fee22535f5959e52f18313755fcb3243c78577985cda2d,8f35e0a7bbca0daeda982d6f39aac0afa7b0fae1bf9419c53a5d279f450ad7b3,200,2021-12-13T00:21:33.506817,,
4369555,application/json,1.466,41fc6aaaf2059002dfe1401841e88a56278f580c6c425683f5fba935b339bdcd,eb5dbbbc4aed2ec190375d15f06b772559d336b94ba776aa3ddd3c042efa34f8,200,2021-12-14T00:22:24.957606,,
97046,application/json,1.575,504c4c95f0386ed91bb3e2e4bbc801f6cc9a3e5d48ef5942e650de7bc90990e4,b2a456b6735fb44e4ec7b86f1dd662802a3b123d29accc057149c24ebdbdfe09,200,2021-12-14T00:22:24.957606,,
,,120.193,5c77ad0fb2f636d434a873f6de0d29aaeaca7c37808b77e00dfe6b8726988bf2,,,2021-12-14T00:22:24.957606,,
20095,application/zip,0.102,810751d8f4697034343d69ea0b5f365362089c9d2c083a63d6a3815b17b2a44b,2c8acd4d9e2920fb257b14ebcfb42344dea71e76572966f47f95641e0984fabe,200,2021-12-14T00:22:24.957606,,
145115,application/zip,0.106,9303b2ab116396afad0e4b9f9c827ae2993fa8cc355398eb164e6b4081cfbc5c,cab148c36aaec04f795c14ab88b2bba4b1d713578d17dab1b5e4d782ee78b705,200,2021-12-14T00:22:24.957606,,
23511,application/zip,0.855,b40560f8bae3605c599de6cdd59271c4b218c305134fd32586e20a681c183f74,f9c98a7bb2fe99b4fffb86a5d8f4d840119f6fa72c7b2876ed5dac7d78fa39bf,200,2021-12-14T00:22:24.957606,,
34852,application/zip,0.102,b7c82241d5ad27c0f92cb464dca91aea2461802b345fe3e9df55e844f4dc477e,20ab1d84c669217e70328f90d2379c75c59a3889945bfba4941090021ab2214f,200,2021-12-14T00:22:24.957606,,
148984,application/json,1.747,f8d5163c023f27f599fee22535f5959e52f18313755fcb3243c78577985cda2d,8f35e0a7bbca0daeda982d6f39aac0afa7b0fae1bf9419c53a5d279f450ad7b3,200,2021-12-14T00:22:24.957606,,
4369555,application/json,0.891,41fc6aaaf2059002dfe1401841e88a56278f580c6c425683f5fba935b339bdcd,eb5dbbbc4aed2ec190375d15f06b772559d336b94ba776aa3ddd3c042efa34f8,200,2021-12-15T00:21:52.457299,,
97046,application/json,0.642,504c4c95f0386ed91bb3e2e4bbc801f6cc9a3e5d48ef5942e650de7bc90990e4,b2a456b6735fb44e4ec7b86f1dd662802a3b123d29accc057149c24ebdbdfe09,200,2021-12-15T00:21:52.457299,,
,,120.137,5c77ad0fb2f636d434a873f6de0d29aaeaca7c37808b77e00dfe6b8726988bf2,,,2021-12-15T00:21:52.457299,,
20095,application/zip,0.092,810751d8f4697034343d69ea0b5f365362089c9d2c083a63d6a3815b17b2a44b,2c8acd4d9e2920fb257b14ebcfb42344dea71e76572966f47f95641e0984fabe,200,2021-12-15T00:21:52.457299,,
145115,application/zip,0.164,9303b2ab116396afad0e4b9f9c827ae2993fa8cc355398eb164e6b4081cfbc5c,cab148c36aaec04f795c14ab88b2bba4b1d713578d17dab1b5e4d782ee78b705,200,2021-12-15T00:21:52.457299,,
23511,application/zip,0.154,b40560f8bae3605c599de6cdd59271c4b218c305134fd32586e20a681c183f74,f9c98a7bb2fe99b4fffb86a5d8f4d840119f6fa72c7b2876ed5dac7d78fa39bf,200,2021-12-15T00:21:52.457299,,
34852,application/zip,0.102,b7c82241d5ad27c0f92cb464dca91aea2461802b345fe3e9df55e844f4dc477e,20ab1d84c669217e70328f90d2379c75c59a3889945bfba4941090021ab2214f,200,2021-12-15T00:21:52.457299,,
148984,application/json,0.842,f8d5163c023f27f599fee22535f5959e52f18313755fcb3243c78577985cda2d,8f35e0a7bbca0daeda982d6f39aac0afa7b0fae1bf9419c53a5d279f450ad7b3,200,2021-12-15T00:21:52.457299,,
4369555,application/json,1.968,41fc6aaaf2059002dfe1401841e88a56278f580c6c425683f5fba935b339bdcd,eb5dbbbc4aed2ec190375d15f06b772559d336b94ba776aa3ddd3c042efa34f8,200,2021-12-16T00:21:00.738209,,
97046,application/json,1.814,504c4c95f0386ed91bb3e2e4bbc801f6cc9a3e5d48ef5942e650de7bc90990e4,b2a456b6735fb44e4ec7b86f1dd662802a3b123d29accc057149c24ebdbdfe09,200,2021-12-16T00:21:00.738209,,
,,120.203,5c77ad0fb2f636d434a873f6de0d29aaeaca7c37808b77e00dfe6b8726988bf2,,,2021-12-16T00:21:00.738209,,
20095,application/zip,0.23,810751d8f4697034343d69ea0b5f365362089c9d2c083a63d6a3815b17b2a44b,2c8acd4d9e2920fb257b14ebcfb42344dea71e76572966f47f95641e0984fabe,200,2021-12-16T00:21:00.738209,,
145115,application/zip,0.123,9303b2ab116396afad0e4b9f9c827ae2993fa8cc355398eb164e6b4081cfbc5c,cab148c36aaec04f795c14ab88b2bba4b1d713578d17dab1b5e4d782ee78b705,200,2021-12-16T00:21:00.738209,,
23511,application/zip,0.136,b40560f8bae3605c599de6cdd59271c4b218c305134fd32586e20a681c183f74,f9c98a7bb2fe99b4fffb86a5d8f4d840119f6fa72c7b2876ed5dac7d78fa39bf,200,2021-12-16T00:21:00.738209,,
34852,application/zip,0.108,b7c82241d5ad27c0f92cb464dca91aea2461802b345fe3e9df55e844f4dc477e,20ab1d84c669217e70328f90d2379c75c59a3889945bfba4941090021ab2214f,200,2021-12-16T00:21:00.738209,,
148984,application/json,0.691,f8d5163c023f27f599fee22535f5959e52f18313755fcb3243c78577985cda2d,8f35e0a7bbca0daeda982d6f39aac0afa7b0fae1bf9419c53a5d279f450ad7b3,200,2021-12-16T00:21:00.738209,,
4369555,application/json,1.883,41fc6aaaf2059002dfe1401841e88a56278f580c6c425683f5fba935b339bdcd,eb5dbbbc4aed2ec190375d15f06b772559d336b94ba776aa3ddd3c042efa34f8,200,2021-12-17T00:22:55.327099,,
97046,application/json,1.719,504c4c95f0386ed91bb3e2e4bbc801f6cc9a3e5d48ef5942e650de7bc90990e4,b2a456b6735fb44e4ec7b86f1dd662802a3b123d29accc057149c24ebdbdfe09,200,2021-12-17T00:22:55.327099,,
,,120.282,5c77ad0fb2f636d434a873f6de0d29aaeaca7c37808b77e00dfe6b8726988bf2,,,2021-12-17T00:22:55.327099,,
20095,application/zip,0.157,810751d8f4697034343d69ea0b5f365362089c9d2c083a63d6a3815b17b2a44b,2c8acd4d9e2920fb257b14ebcfb42344dea71e76572966f47f95641e0984fabe,200,2021-12-17T00:22:55.327099,,
145115,application/zip,0.291,9303b2ab116396afad0e4b9f9c827ae2993fa8cc355398eb164e6b4081cfbc5c,cab148c36aaec04f795c14ab88b2bba4b1d713578d17dab1b5e4d782ee78b705,200,2021-12-17T00:22:55.327099,,
23511,application/zip,0.194,b40560f8bae3605c599de6cdd59271c4b218c305134fd32586e20a681c183f74,f9c98a7bb2fe99b4fffb86a5d8f4d840119f6fa72c7b2876ed5dac7d78fa39bf,200,2021-12-17T00:22:55.327099,,
34852,application/zip,0.156,b7c82241d5ad27c0f92cb464dca91aea2461802b345fe3e9df55e844f4dc477e,20ab1d84c669217e70328f90d2379c75c59a3889945bfba4941090021ab2214f,200,2021-12-17T00:22:55.327099,,
148984,application/json,2.376,f8d5163c023f27f599fee22535f5959e52f18313755fcb3243c78577985cda2d,8f35e0a7bbca0daeda982d6f39aac0afa7b0fae1bf9419c53a5d279f450ad7b3,200,2021-12-17T00:22:55.327099,,
4369555,application/json,0.858,41fc6aaaf2059002dfe1401841e88a56278f580c6c425683f5fba935b339bdcd,eb5dbbbc4aed2ec190375d15f06b772559d336b94ba776aa3ddd3c042efa34f8,200,2021-12-18T00:22:04.754659,,
97046,application/json,0.655,504c4c95f0386ed91bb3e2e4bbc801f6cc9a3e5d48ef5942e650de7bc90990e4,b2a456b6735fb44e4ec7b86f1dd662802a3b123d29accc057149c24ebdbdfe09,200,2021-12-18T00:22:04.754659,,
,,120.201,5c77ad0fb2f636d434a873f6de0d29aaeaca7c37808b77e00dfe6b8726988bf2,,,2021-12-18T00:22:04.754659,,
20095,application/zip,0.094,810751d8f4697034343d69ea0b5f365362089c9d2c083a63d6a3815b17b2a44b,2c8acd4d9e2920fb257b14ebcfb42344dea71e76572966f47f95641e0984fabe,200,2021-12-18T00:22:04.754659,,
145115,application/zip,0.09,9303b2ab116396afad0e4b9f9c827ae2993fa8cc355398eb164e6b4081cfbc5c,cab148c36aaec04f795c14ab88b2bba4b1d713578d17dab1b5e4d782ee78b705,200,2021-12-18T00:22:04.754659,,
23511,application/zip,0.141,b40560f8bae3605c599de6cdd59271c4b218c305134fd32586e20a681c183f74,f9c98a7bb2fe99b4fffb86a5d8f4d840119f6fa72c7b2876ed5dac7d78fa39bf,200,2021-12-18T00:22:04.754659,,
34852,application/zip,0.088,b7c82241d5ad27c0f92cb464dca91aea2461802b345fe3e9df55e844f4dc477e,20ab1d84c669217e70328f90d2379c75c59a3889945bfba4941090021ab2214f,200,2021-12-18T00:22:04.754659,,
148984,application/json,0.685,f8d5163c023f27f599fee22535f5959e52f18313755fcb3243c78577985cda2d,8f35e0a7bbca0daeda982d6f39aac0afa7b0fae1bf9419c53a5d279f450ad7b3,200,2021-12-18T00:22:04.754659,,
4369555,application/json,1.84,41fc6aaaf2059002dfe1401841e88a56278f580c6c425683f5fba935b339bdcd,eb5dbbbc4aed2ec190375d15f06b772559d336b94ba776aa3ddd3c042efa34f8,200,2021-12-19T00:24:07.049210,,
97046,application/json,1.52,504c4c95f0386ed91bb3e2e4bbc801f6cc9a3e5d48ef5942e650de7bc90990e4,b2a456b6735fb44e4ec7b86f1dd662802a3b123d29accc057149c24ebdbdfe09,200,2021-12-19T00:24:07.049210,,
,,120.297,5c77ad0fb2f636d434a873f6de0d29aaeaca7c37808b77e00dfe6b8726988bf2,,,2021-12-19T00:24:07.049210,,
20095,application/zip,0.149,810751d8f4697034343d69ea0b5f365362089c9d2c083a63d6a3815b17b2a44b,2c8acd4d9e2920fb257b14ebcfb42344dea71e76572966f47f95641e0984fabe,200,2021-12-19T00:24:07.049210,,
145115,application/zip,0.364,9303b2ab116396afad0e4b9f9c827ae2993fa8cc355398eb164e6b4081cfbc5c,cab148c36aaec04f795c14ab88b2bba4b1d713578d17dab1b5e4d782ee78b705,200,2021-12-19T00:24:07.049210,,
23511,application/zip,0.193,b40560f8bae3605c599de6cdd59271c4b218c305134fd32586e20a681c183f74,f9c98a7bb2fe99b4fffb86a5d8f4d840119f6fa72c7b2876ed5dac7d78fa39bf,200,2021-12-19T00:24:07.049210,,
34852,application/zip,0.171,b7c82241d5ad27c0f92cb464dca91aea2461802b345fe3e9df55e844f4dc477e,20ab1d84c669217e70328f90d2379c75c59a3889945bfba4941090021ab2214f,200,2021-12-19T00:24:07.049210,,
148984,application/json,1.924,f8d5163c023f27f599fee22535f5959e52f18313755fcb3243c78577985cda2d,8f35e0a7bbca0daeda982d6f39aac0afa7b0fae1bf9419c53a5d279f450ad7b3,200,2021-12-19T00:24:07.049210,,
4371241,application/json,0.833,41fc6aaaf2059002dfe1401841e88a56278f580c6c425683f5fba935b339bdcd,7315d937dcef7d3b9028d71e0ce6cd9b0277e36cb2b69783e1b215a955ce20db,200,2021-12-20T00:22:54.863837,,
97046,application/json,1.034,504c4c95f0386ed91bb3e2e4bbc801f6cc9a3e5d48ef5942e650de7bc90990e4,b2a456b6735fb44e4ec7b86f1dd662802a3b123d29accc057149c24ebdbdfe09,200,2021-12-20T00:22:54.863837,,
,,120.165,5c77ad0fb2f636d434a873f6de0d29aaeaca7c37808b77e00dfe6b8726988bf2,,,2021-12-20T00:22:54.863837,,
20095,application/zip,0.088,810751d8f4697034343d69ea0b5f365362089c9d2c083a63d6a3815b17b2a44b,2c8acd4d9e2920fb257b14ebcfb42344dea71e76572966f47f95641e0984fabe,200,2021-12-20T00:22:54.863837,,
145115,application/zip,0.103,9303b2ab116396afad0e4b9f9c827ae2993fa8cc355398eb164e6b4081cfbc5c,cab148c36aaec04f795c14ab88b2bba4b1d713578d17dab1b5e4d782ee78b705,200,2021-12-20T00:22:54.863837,,
23511,application/zip,0.12,b40560f8bae3605c599de6cdd59271c4b218c305134fd32586e20a681c183f74,f9c98a7bb2fe99b4fffb86a5d8f4d840119f6fa72c7b2876ed5dac7d78fa39bf,200,2021-12-20T00:22:54.863837,,
34852,application/zip,0.09,b7c82241d5ad27c0f92cb464dca91aea2461802b345fe3e9df55e844f4dc477e,20ab1d84c669217e70328f90d2379c75c59a3889945bfba4941090021ab2214f,200,2021-12-20T00:22:54.863837,,
148984,application/json,0.698,f8d5163c023f27f599fee22535f5959e52f18313755fcb3243c78577985cda2d,8f35e0a7bbca0daeda982d6f39aac0afa7b0fae1bf9419c53a5d279f450ad7b3,200,2021-12-20T00:22:54.863837,,
4371241,application/json,2.585,41fc6aaaf2059002dfe1401841e88a56278f580c6c425683f5fba935b339bdcd,7315d937dcef7d3b9028d71e0ce6cd9b0277e36cb2b69783e1b215a955ce20db,200,2021-12-21T00:23:51.190800,,
97046,application/json,1.837,504c4c95f0386ed91bb3e2e4bbc801f6cc9a3e5d48ef5942e650de7bc90990e4,b2a456b6735fb44e4ec7b86f1dd662802a3b123d29accc057149c24ebdbdfe09,200,2021-12-21T00:23:51.190800,,
,,120.176,5c77ad0fb2f636d434a873f6de0d29aaeaca7c37808b77e00dfe6b8726988bf2,,,2021-12-21T00:23:51.190800,,
20095,application/zip,0.095,810751d8f4697034343d69ea0b5f365362089c9d2c083a63d6a3815b17b2a44b,2c8acd4d9e2920fb257b14ebcfb42344dea71e76572966f47f95641e0984fabe,200,2021-12-21T00:23:51.190800,,
145115,application/zip,0.122,9303b2ab116396afad0e4b9f9c827ae2993fa8cc355398eb164e6b4081cfbc5c,cab148c36aaec04f795c14ab88b2bba4b1d713578d17dab1b5e4d782ee78b705,200,2021-12-21T00:23:51.190800,,
23511,application/zip,0.12,b40560f8bae3605c599de6cdd59271c4b218c305134fd32586e20a681c183f74,f9c98a7bb2fe99b4fffb86a5d8f4d840119f6fa72c7b2876ed5dac7d78fa39bf,200,2021-12-21T00:23:51.190800,,
34852,application/zip,0.099,b7c82241d5ad27c0f92cb464dca91aea2461802b345fe3e9df55e844f4dc477e,20ab1d84c669217e70328f90d2379c75c59a3889945bfba4941090021ab2214f,200,2021-12-21T00:23:51.190800,,
148984,application/json,0.772,f8d5163c023f27f599fee22535f5959e52f18313755fcb3243c78577985cda2d,8f35e0a7bbca0daeda982d6f39aac0afa7b0fae1bf9419c53a5d279f450ad7b3,200,2021-12-21T00:23:51.190800,,
4371241,application/json,1.068,41fc6aaaf2059002dfe1401841e88a56278f580c6c425683f5fba935b339bdcd,7315d937dcef7d3b9028d71e0ce6cd9b0277e36cb2b69783e1b215a955ce20db,200,2021-12-22T00:23:28.910310,,
97046,application/json,0.834,504c4c95f0386ed91bb3e2e4bbc801f6cc9a3e5d48ef5942e650de7bc90990e4,b2a456b6735fb44e4ec7b86f1dd662802a3b123d29accc057149c24ebdbdfe09,200,2021-12-22T00:23:28.910310,,
,,120.192,5c77ad0fb2f636d434a873f6de0d29aaeaca7c37808b77e00dfe6b8726988bf2,,,2021-12-22T00:23:28.910310,,
20095,application/zip,0.096,810751d8f4697034343d69ea0b5f365362089c9d2c083a63d6a3815b17b2a44b,2c8acd4d9e2920fb257b14ebcfb42344dea71e76572966f47f95641e0984fabe,200,2021-12-22T00:23:28.910310,,
145115,application/zip,0.109,9303b2ab116396afad0e4b9f9c827ae2993fa8cc355398eb164e6b4081cfbc5c,cab148c36aaec04f795c14ab88b2bba4b1d713578d17dab1b5e4d782ee78b705,200,2021-12-22T00:23:28.910310,,
23511,application/zip,0.154,b40560f8bae3605c599de6cdd59271c4b218c305134fd32586e20a681c183f74,f9c98a7bb2fe99b4fffb86a5d8f4d840119f6fa72c7b2876ed5dac7d78fa39bf,200,2021-12-22T00:23:28.910310,,
34852,application/zip,0.154,b7c82241d5ad27c0f92cb464dca91aea2461802b345fe3e9df55e844f4dc477e,20ab1d84c669217e70328f90d2379c75c59a3889945bfba4941090021ab2214f,200,2021-12-22T00:23:28.910310,,
148984,application/json,1.86,f8d5163c023f27f599fee22535f5959e52f18313755fcb3243c78577985cda2d,8f35e0a7bbca0daeda982d6f39aac0afa7b0fae1bf9419c53a5d279f450ad7b3,200,2021-12-22T00:23:28.910310,,
4371241,application/json,0.73,41fc6aaaf2059002dfe1401841e88a56278f580c6c425683f5fba935b339bdcd,7315d937dcef7d3b9028d71e0ce6cd9b0277e36cb2b69783e1b215a955ce20db,200,2021-12-23T00:23:05.138190,,
97046,application/json,1.762,504c4c95f0386ed91bb3e2e4bbc801f6cc9a3e5d48ef5942e650de7bc90990e4,b2a456b6735fb44e4ec7b86f1dd662802a3b123d29accc057149c24ebdbdfe09,200,2021-12-23T00:23:05.138190,,
,,120.152,5c77ad0fb2f636d434a873f6de0d29aaeaca7c37808b77e00dfe6b8726988bf2,,,2021-12-23T00:23:05.138190,,
20095,application/zip,0.112,810751d8f4697034343d69ea0b5f365362089c9d2c083a63d6a3815b17b2a44b,2c8acd4d9e2920fb257b14ebcfb42344dea71e76572966f47f95641e0984fabe,200,2021-12-23T00:23:05.138190,,
145115,application/zip,0.109,9303b2ab116396afad0e4b9f9c827ae2993fa8cc355398eb164e6b4081cfbc5c,cab148c36aaec04f795c14ab88b2bba4b1d713578d17dab1b5e4d782ee78b705,200,2021-12-23T00:23:05.138190,,
23511,application/zip,0.132,b40560f8bae3605c599de6cdd59271c4b218c305134fd32586e20a681c183f74,f9c98a7bb2fe99b4fffb86a5d8f4d840119f6fa72c7b2876ed5dac7d78fa39bf,200,2021-12-23T00:23:05.138190,,
34852,application/zip,0.104,b7c82241d5ad27c0f92cb464dca91aea2461802b345fe3e9df55e844f4dc477e,20ab1d84c669217e70328f90d2379c75c59a3889945bfba4941090021ab2214f,200,2021-12-23T00:23:05.138190,,
148984,application/json,0.78,f8d5163c023f27f599fee22535f5959e52f18313755fcb3243c78577985cda2d,8f35e0a7bbca0daeda982d6f39aac0afa7b0fae1bf9419c53a5d279f450ad7b3,200,2021-12-23T00:23:05.138190,,
4371241,application/json,1.499,41fc6aaaf2059002dfe1401841e88a56278f580c6c425683f5fba935b339bdcd,7315d937dcef7d3b9028d71e0ce6cd9b0277e36cb2b69783e1b215a955ce20db,200,2021-12-24T00:22:17.273729,,
97046,application/json,0.651,504c4c95f0386ed91bb3e2e4bbc801f6cc9a3e5d48ef5942e650de7bc90990e4,b2a456b6735fb44e4ec7b86f1dd662802a3b123d29accc057149c24ebdbdfe09,200,2021-12-24T00:22:17.273729,,
,,120.256,5c77ad0fb2f636d434a873f6de0d29aaeaca7c37808b77e00dfe6b8726988bf2,,,2021-12-24T00:22:17.273729,,
20095,application/zip,0.1,810751d8f4697034343d69ea0b5f365362089c9d2c083a63d6a3815b17b2a44b,2c8acd4d9e2920fb257b14ebcfb42344dea71e76572966f47f95641e0984fabe,200,2021-12-24T00:22:17.273729,,
145115,application/zip,0.136,9303b2ab116396afad0e4b9f9c827ae2993fa8cc355398eb164e6b4081cfbc5c,cab148c36aaec04f795c14ab88b2bba4b1d713578d17dab1b5e4d782ee78b705,200,2021-12-24T00:22:17.273729,,
23511,application/zip,0.151,b40560f8bae3605c599de6cdd59271c4b218c305134fd32586e20a681c183f74,f9c98a7bb2fe99b4fffb86a5d8f4d840119f6fa72c7b2876ed5dac7d78fa39bf,200,2021-12-24T00:22:17.273729,,
34852,application/zip,0.094,b7c82241d5ad27c0f92cb464dca91aea2461802b345fe3e9df55e844f4dc477e,20ab1d84c669217e70328f90d2379c75c59a3889945bfba4941090021ab2214f,200,2021-12-24T00:22:17.273729,,
148984,application/json,1.698,f8d5163c023f27f599fee22535f5959e52f18313755fcb3243c78577985cda2d,8f35e0a7bbca0daeda982d6f39aac0afa7b0fae1bf9419c53a5d279f450ad7b3,200,2021-12-24T00:22:17.273729,,
4371241,application/json,0.852,41fc6aaaf2059002dfe1401841e88a56278f580c6c425683f5fba935b339bdcd,7315d937dcef7d3b9028d71e0ce6cd9b0277e36cb2b69783e1b215a955ce20db,200,2021-12-25T00:21:43.956244,,
97046,application/json,1.644,504c4c95f0386ed91bb3e2e4bbc801f6cc9a3e5d48ef5942e650de7bc90990e4,b2a456b6735fb44e4ec7b86f1dd662802a3b123d29accc057149c24ebdbdfe09,200,2021-12-25T00:21:43.956244,,
,,120.104,5c77ad0fb2f636d434a873f6de0d29aaeaca7c37808b77e00dfe6b8726988bf2,,,2021-12-25T00:21:43.956244,,
20095,application/zip,0.082,810751d8f4697034343d69ea0b5f365362089c9d2c083a63d6a3815b17b2a44b,2c8acd4d9e2920fb257b14ebcfb42344dea71e76572966f47f95641e0984fabe,200,2021-12-25T00:21:43.956244,,
145115,application/zip,0.098,9303b2ab116396afad0e4b9f9c827ae2993fa8cc355398eb164e6b4081cfbc5c,cab148c36aaec04f795c14ab88b2bba4b1d713578d17dab1b5e4d782ee78b705,200,2021-12-25T00:21:43.956244,,
23511,application/zip,0.134,b40560f8bae3605c599de6cdd59271c4b218c305134fd32586e20a681c183f74,f9c98a7bb2fe99b4fffb86a5d8f4d840119f6fa72c7b2876ed5dac7d78fa39bf,200,2021-12-25T00:21:43.956244,,
34852,application/zip,0.104,b7c82241d5ad27c0f92cb464dca91aea2461802b345fe3e9df55e844f4dc477e,20ab1d84c669217e70328f90d2379c75c59a3889945bfba4941090021ab2214f,200,2021-12-25T00:21:43.956244,,
148984,application/json,0.622,f8d5163c023f27f599fee22535f5959e52f18313755fcb3243c78577985cda2d,8f35e0a7bbca0daeda982d6f39aac0afa7b0fae1bf9419c53a5d279f450ad7b3,200,2021-12-25T00:21:43.956244,,
4371241,application/json,1.64,41fc6aaaf2059002dfe1401841e88a56278f580c6c425683f5fba935b339bdcd,7315d937dcef7d3b9028d71e0ce6cd9b0277e36cb2b69783e1b215a955ce20db,200,2021-12-26T00:24:06.031343,,
97046,application/json,1.516,504c4c95f0386ed91bb3e2e4bbc801f6cc9a3e5d48ef5942e650de7bc90990e4,b2a456b6735fb44e4ec7b86f1dd662802a3b123d29accc057149c24ebdbdfe09,200,2021-12-26T00:24:06.031343,,
,,120.101,5c77ad0fb2f636d434a873f6de0d29aaeaca7c37808b77e00dfe6b8726988bf2,,,2021-12-26T00:24:06.031343,,
20095,application/zip,0.09,810751d8f4697034343d69ea0b5f365362089c9d2c083a63d6a3815b17b2a44b,2c8acd4d9e2920fb257b14ebcfb42344dea71e76572966f47f95641e0984fabe,200,2021-12-26T00:24:06.031343,,
145115,application/zip,0.109,9303b2ab116396afad0e4b9f9c827ae2993fa8cc355398eb164e6b4081cfbc5c,cab148c36aaec04f795c14ab88b2bba4b1d713578d17dab1b5e4d782ee78b705,200,2021-12-26T00:24:06.031343,,
23511,application/zip,0.133,b40560f8bae3605c599de6cdd59271c4b218c305134fd32586e20a681c183f74,f9c98a7bb2fe99b4fffb86a5d8f4d840119f6fa72c7b2876ed5dac7d78fa39bf,200,2021-12-26T00:24:06.031343,,
34852,application/zip,0.096,b7c82241d5ad27c0f92cb464dca91aea2461802b345fe3e9df55e844f4dc477e,20ab1d84c669217e70328f90d2379c75c59a3889945bfba4941090021ab2214f,200,2021-12-26T00:24:06.031343,,
148984,application/json,1.604,f8d5163c023f27f599fee22535f5959e52f18313755fcb3243c78577985cda2d,8f35e0a7bbca0daeda982d6f39aac0afa7b0fae1bf9419c53a5d279f450ad7b3,200,2021-12-26T00:24:06.031343,,
4371167,application/json,1.143,41fc6aaaf2059002dfe1401841e88a56278f580c6c425683f5fba935b339bdcd,10a1d54078c8dddf5a75e745bc78ec0febe6d8b074043814d580897188068230,200,2021-12-27T00:23:08.558464,,
97042,application/json,0.674,504c4c95f0386ed91bb3e2e4bbc801f6cc9a3e5d48ef5942e650de7bc90990e4,e6f0a43ad172c74d2ae597caf4841ec41c27bee586b0cc3fc91a11b75506ae50,200,2021-12-27T00:23:08.558464,,
,,120.271,5c77ad0fb2f636d434a873f6de0d29aaeaca7c37808b77e00dfe6b8726988bf2,,,2021-12-27T00:23:08.558464,,
20095,application/zip,0.162,810751d8f4697034343d69ea0b5f365362089c9d2c083a63d6a3815b17b2a44b,2c8acd4d9e2920fb257b14ebcfb42344dea71e76572966f47f95641e0984fabe,200,2021-12-27T00:23:08.558464,,
145115,application/zip,0.203,9303b2ab116396afad0e4b9f9c827ae2993fa8cc355398eb164e6b4081cfbc5c,cab148c36aaec04f795c14ab88b2bba4b1d713578d17dab1b5e4d782ee78b705,200,2021-12-27T00:23:08.558464,,
23511,application/zip,0.216,b40560f8bae3605c599de6cdd59271c4b218c305134fd32586e20a681c183f74,f9c98a7bb2fe99b4fffb86a5d8f4d840119f6fa72c7b2876ed5dac7d78fa39bf,200,2021-12-27T00:23:08.558464,,
34852,application/zip,0.181,b7c82241d5ad27c0f92cb464dca91aea2461802b345fe3e9df55e844f4dc477e,20ab1d84c669217e70328f90d2379c75c59a3889945bfba4941090021ab2214f,200,2021-12-27T00:23:08.558464,,
148981,application/json,1.151,f8d5163c023f27f599fee22535f5959e52f18313755fcb3243c78577985cda2d,a993375ec694f798bbfacff2a8553141a537436d017c6f30e161c6c4b55b5292,200,2021-12-27T00:23:08.558464,,
4371167,application/json,1.923,41fc6aaaf2059002dfe1401841e88a56278f580c6c425683f5fba935b339bdcd,10a1d54078c8dddf5a75e745bc78ec0febe6d8b074043814d580897188068230,200,2021-12-28T00:22:26.852552,,
97042,application/json,1.625,504c4c95f0386ed91bb3e2e4bbc801f6cc9a3e5d48ef5942e650de7bc90990e4,e6f0a43ad172c74d2ae597caf4841ec41c27bee586b0cc3fc91a11b75506ae50,200,2021-12-28T00:22:26.852552,,
,,120.216,5c77ad0fb2f636d434a873f6de0d29aaeaca7c37808b77e00dfe6b8726988bf2,,,2021-12-28T00:22:26.852552,,
20095,application/zip,0.17,810751d8f4697034343d69ea0b5f365362089c9d2c083a63d6a3815b17b2a44b,2c8acd4d9e2920fb257b14ebcfb42344dea71e76572966f47f95641e0984fabe,200,2021-12-28T00:22:26.852552,,
145115,application/zip,0.234,9303b2ab116396afad0e4b9f9c827ae2993fa8cc355398eb164e6b4081cfbc5c,cab148c36aaec04f795c14ab88b2bba4b1d713578d17dab1b5e4d782ee78b705,200,2021-12-28T00:22:26.852552,,
23511,application/zip,0.198,b40560f8bae3605c599de6cdd59271c4b218c305134fd32586e20a681c183f74,f9c98a7bb2fe99b4fffb86a5d8f4d840119f6fa72c7b2876ed5dac7d78fa39bf,200,2021-12-28T00:22:26.852552,,
34852,application/zip,0.164,b7c82241d5ad27c0f92cb464dca91aea2461802b345fe3e9df55e844f4dc477e,20ab1d84c669217e70328f90d2379c75c59a3889945bfba4941090021ab2214f,200,2021-12-28T00:22:26.852552,,
148981,application/json,1.953,f8d5163c023f27f599fee22535f5959e52f18313755fcb3243c78577985cda2d,a993375ec694f798bbfacff2a8553141a537436d017c6f30e161c6c4b55b5292,200,2021-12-28T00:22:26.852552,,
4371241,application/json,0.884,41fc6aaaf2059002dfe1401841e88a56278f580c6c425683f5fba935b339bdcd,7315d937dcef7d3b9028d71e0ce6cd9b0277e36cb2b69783e1b215a955ce20db,200,2021-12-29T00:22:06.170515,,
97046,application/json,0.665,504c4c95f0386ed91bb3e2e4bbc801f6cc9a3e5d48ef5942e650de7bc90990e4,b2a456b6735fb44e4ec7b86f1dd662802a3b123d29accc057149c24ebdbdfe09,200,2021-12-29T00:22:06.170515,,
,,120.166,5c77ad0fb2f636d434a873f6de0d29aaeaca7c37808b77e00dfe6b8726988bf2,,,2021-12-29T00:22:06.170515,,
20095,application/zip,0.092,810751d8f4697034343d69ea0b5f365362089c9d2c083a63d6a3815b17b2a44b,2c8acd4d9e2920fb257b14ebcfb42344dea71e76572966f47f95641e0984fabe,200,2021-12-29T00:22:06.170515,,
145115,application/zip,0.106,9303b2ab116396afad0e4b9f9c827ae2993fa8cc355398eb164e6b4081cfbc5c,cab148c36aaec04f795c14ab88b2bba4b1d713578d17dab1b5e4d782ee78b705,200,2021-12-29T00:22:06.170515,,
23511,application/zip,0.127,b40560f8bae3605c599de6cdd59271c4b218c305134fd32586e20a681c183f74,f9c98a7bb2fe99b4fffb86a5d8f4d840119f6fa72c7b2876ed5dac7d78fa39bf,200,2021-12-29T00:22:06.170515,,
34852,application/zip,0.101,b7c82241d5ad27c0f92cb464dca91aea2461802b345fe3e9df55e844f4dc477e,20ab1d84c669217e70328f90d2379c75c59a3889945bfba4941090021ab2214f,200,2021-12-29T00:22:06.170515,,
148984,application/json,0.718,f8d5163c023f27f599fee22535f5959e52f18313755fcb3243c78577985cda2d,8f35e0a7bbca0daeda982d6f39aac0afa7b0fae1bf9419c53a5d279f450ad7b3,200,2021-12-29T00:22:06.170515,,
4371241,application/json,1.491,41fc6aaaf2059002dfe1401841e88a56278f580c6c425683f5fba935b339bdcd,7315d937dcef7d3b9028d71e0ce6cd9b0277e36cb2b69783e1b215a955ce20db,200,2021-12-30T00:22:47.989049,,
97046,application/json,1.413,504c4c95f0386ed91bb3e2e4bbc801f6cc9a3e5d48ef5942e650de7bc90990e4,b2a456b6735fb44e4ec7b86f1dd662802a3b123d29accc057149c24ebdbdfe09,200,2021-12-30T00:22:47.989049,,
,,120.196,5c77ad0fb2f636d434a873f6de0d29aaeaca7c37808b77e00dfe6b8726988bf2,,,2021-12-30T00:22:47.989049,,
20095,application/zip,0.092,810751d8f4697034343d69ea0b5f365362089c9d2c083a63d6a3815b17b2a44b,2c8acd4d9e2920fb257b14ebcfb42344dea71e76572966f47f95641e0984fabe,200,2021-12-30T00:22:47.989049,,
145115,application/zip,0.098,9303b2ab116396afad0e4b9f9c827ae2993fa8cc355398eb164e6b4081cfbc5c,cab148c36aaec04f795c14ab88b2bba4b1d713578d17dab1b5e4d782ee78b705,200,2021-12-30T00:22:47.989049,,
23511,application/zip,0.112,b40560f8bae3605c599de6cdd59271c4b218c305134fd32586e20a681c183f74,f9c98a7bb2fe99b4fffb86a5d8f4d840119f6fa72c7b2876ed5dac7d78fa39bf,200,2021-12-30T00:22:47.989049,,
34852,application/zip,0.099,b7c82241d5ad27c0f92cb464dca91aea2461802b345fe3e9df55e844f4dc477e,20ab1d84c669217e70328f90d2379c75c59a3889945bfba4941090021ab2214f,200,2021-12-30T00:22:47.989049,,
148984,application/json,1.749,f8d5163c023f27f599fee22535f5959e52f18313755fcb3243c78577985cda2d,8f35e0a7bbca0daeda982d6f39aac0afa7b0fae1bf9419c53a5d279f450ad7b3,200,2021-12-30T00:22:47.989049,,
4371241,application/json,0.878,41fc6aaaf2059002dfe1401841e88a56278f580c6c425683f5fba935b339bdcd,7315d937dcef7d3b9028d71e0ce6cd9b0277e36cb2b69783e1b215a955ce20db,200,2021-12-31T00:23:26.012560,,
97046,application/json,2.074,504c4c95f0386ed91bb3e2e4bbc801f6cc9a3e5d48ef5942e650de7bc90990e4,b2a456b6735fb44e4ec7b86f1dd662802a3b123d29accc057149c24ebdbdfe09,200,2021-12-31T00:23:26.012560,,
,,120.188,5c77ad0fb2f636d434a873f6de0d29aaeaca7c37808b77e00dfe6b8726988bf2,,,2021-12-31T00:23:26.012560,,
20095,application/zip,0.099,810751d8f4697034343d69ea0b5f365362089c9d2c083a63d6a3815b17b2a44b,2c8acd4d9e2920fb257b14ebcfb42344dea71e76572966f47f95641e0984fabe,200,2021-12-31T00:23:26.012560,,
145115,application/zip,0.106,9303b2ab116396afad0e4b9f9c827ae2993fa8cc355398eb164e6b4081cfbc5c,cab148c36aaec04f795c14ab88b2bba4b1d713578d17dab1b5e4d782ee78b705,200,2021-12-31T00:23:26.012560,,
23511,application/zip,0.125,b40560f8bae3605c599de6cdd59271c4b218c305134fd32586e20a681c183f74,f9c98a7bb2fe99b4fffb86a5d8f4d840119f6fa72c7b2876ed5dac7d78fa39bf,200,2021-12-31T00:23:26.012560,,
34852,application/zip,0.09,b7c82241d5ad27c0f92cb464dca91aea2461802b345fe3e9df55e844f4dc477e,20ab1d84c669217e70328f90d2379c75c59a3889945bfba4941090021ab2214f,200,2021-12-31T00:23:26.012560,,
148984,application/json,1.569,f8d5163c023f27f599fee22535f5959e52f18313755fcb3243c78577985cda2d,8f35e0a7bbca0daeda982d6f39aac0afa7b0fae1bf9419c53a5d279f450ad7b3,200,2021-12-31T00:23:26.012560,,
4371241,application/json,1.654,41fc6aaaf2059002dfe1401841e88a56278f580c6c425683f5fba935b339bdcd,7315d937dcef7d3b9028d71e0ce6cd9b0277e36cb2b69783e1b215a955ce20db,200,2022-01-01T00:23:07.735486,,
97046,application/json,0.465,504c4c95f0386ed91bb3e2e4bbc801f6cc9a3e5d48ef5942e650de7bc90990e4,b2a456b6735fb44e4ec7b86f1dd662802a3b123d29accc057149c24ebdbdfe09,200,2022-01-01T00:23:07.735486,,
,,120.142,5c77ad0fb2f636d434a873f6de0d29aaeaca7c37808b77e00dfe6b8726988bf2,,,2022-01-01T00:23:07.735486,,
20095,application/zip,0.091,810751d8f4697034343d69ea0b5f365362089c9d2c083a63d6a3815b17b2a44b,2c8acd4d9e2920fb257b14ebcfb42344dea71e76572966f47f95641e0984fabe,200,2022-01-01T00:23:07.735486,,
145115,application/zip,0.114,9303b2ab116396afad0e4b9f9c827ae2993fa8cc355398eb164e6b4081cfbc5c,cab148c36aaec04f795c14ab88b2bba4b1d713578d17dab1b5e4d782ee78b705,200,2022-01-01T00:23:07.735486,,
23511,application/zip,0.135,b40560f8bae3605c599de6cdd59271c4b218c305134fd32586e20a681c183f74,f9c98a7bb2fe99b4fffb86a5d8f4d840119f6fa72c7b2876ed5dac7d78fa39bf,200,2022-01-01T00:23:07.735486,,
34852,application/zip,0.084,b7c82241d5ad27c0f92cb464dca91aea2461802b345fe3e9df55e844f4dc477e,20ab1d84c669217e70328f90d2379c75c59a3889945bfba4941090021ab2214f,200,2022-01-01T00:23:07.735486,,
148984,application/json,0.774,f8d5163c023f27f599fee22535f5959e52f18313755fcb3243c78577985cda2d,8f35e0a7bbca0daeda982d6f39aac0afa7b0fae1bf9419c53a5d279f450ad7b3,200,2022-01-01T00:23:07.735486,,
4371241,application/json,1.063,41fc6aaaf2059002dfe1401841e88a56278f580c6c425683f5fba935b339bdcd,7315d937dcef7d3b9028d71e0ce6cd9b0277e36cb2b69783e1b215a955ce20db,200,2022-01-02T00:24:07.821171,,
97046,application/json,1.486,504c4c95f0386ed91bb3e2e4bbc801f6cc9a3e5d48ef5942e650de7bc90990e4,b2a456b6735fb44e4ec7b86f1dd662802a3b123d29accc057149c24ebdbdfe09,200,2022-01-02T00:24:07.821171,,
,,120.193,5c77ad0fb2f636d434a873f6de0d29aaeaca7c37808b77e00dfe6b8726988bf2,,,2022-01-02T00:24:07.821171,,
20095,application/zip,0.093,810751d8f4697034343d69ea0b5f365362089c9d2c083a63d6a3815b17b2a44b,2c8acd4d9e2920fb257b14ebcfb42344dea71e76572966f47f95641e0984fabe,200,2022-01-02T00:24:07.821171,,
145115,application/zip,0.108,9303b2ab116396afad0e4b9f9c827ae2993fa8cc355398eb164e6b4081cfbc5c,cab148c36aaec04f795c14ab88b2bba4b1d713578d17dab1b5e4d782ee78b705,200,2022-01-02T00:24:07.821171,,
23511,application/zip,0.15,b40560f8bae3605c599de6cdd59271c4b218c305134fd32586e20a681c183f74,f9c98a7bb2fe99b4fffb86a5d8f4d840119f6fa72c7b2876ed5dac7d78fa39bf,200,2022-01-02T00:24:07.821171,,
34852,application/zip,0.114,b7c82241d5ad27c0f92cb464dca91aea2461802b345fe3e9df55e844f4dc477e,20ab1d84c669217e70328f90d2379c75c59a3889945bfba4941090021ab2214f,200,2022-01-02T00:24:07.821171,,
148984,application/json,1.589,f8d5163c023f27f599fee22535f5959e52f18313755fcb3243c78577985cda2d,8f35e0a7bbca0daeda982d6f39aac0afa7b0fae1bf9419c53a5d279f450ad7b3,200,2022-01-02T00:24:07.821171,,
4371241,application/json,0.801,41fc6aaaf2059002dfe1401841e88a56278f580c6c425683f5fba935b339bdcd,7315d937dcef7d3b9028d71e0ce6cd9b0277e36cb2b69783e1b215a955ce20db,200,2022-01-03T00:22:48.296569,,
97046,application/json,0.648,504c4c95f0386ed91bb3e2e4bbc801f6cc9a3e5d48ef5942e650de7bc90990e4,b2a456b6735fb44e4ec7b86f1dd662802a3b123d29accc057149c24ebdbdfe09,200,2022-01-03T00:22:48.296569,,
,,120.208,5c77ad0fb2f636d434a873f6de0d29aaeaca7c37808b77e00dfe6b8726988bf2,,,2022-01-03T00:22:48.296569,,
20095,application/zip,0.106,810751d8f4697034343d69ea0b5f365362089c9d2c083a63d6a3815b17b2a44b,2c8acd4d9e2920fb257b14ebcfb42344dea71e76572966f47f95641e0984fabe,200,2022-01-03T00:22:48.296569,,
145115,application/zip,0.101,9303b2ab116396afad0e4b9f9c827ae2993fa8cc355398eb164e6b4081cfbc5c,cab148c36aaec04f795c14ab88b2bba4b1d713578d17dab1b5e4d782ee78b705,200,2022-01-03T00:22:48.296569,,
23511,application/zip,0.171,b40560f8bae3605c599de6cdd59271c4b218c305134fd32586e20a681c183f74,f9c98a7bb2fe99b4fffb86a5d8f4d840119f6fa72c7b2876ed5dac7d78fa39bf,200,2022-01-03T00:22:48.296569,,
34852,application/zip,0.096,b7c82241d5ad27c0f92cb464dca91aea2461802b345fe3e9df55e844f4dc477e,20ab1d84c669217e70328f90d2379c75c59a3889945bfba4941090021ab2214f,200,2022-01-03T00:22:48.296569,,
148984,application/json,0.634,f8d5163c023f27f599fee22535f5959e52f18313755fcb3243c78577985cda2d,8f35e0a7bbca0daeda982d6f39aac0afa7b0fae1bf9419c53a5d279f450ad7b3,200,2022-01-03T00:22:48.296569,,
4371241,application/json,1.459,41fc6aaaf2059002dfe1401841e88a56278f580c6c425683f5fba935b339bdcd,7315d937dcef7d3b9028d71e0ce6cd9b0277e36cb2b69783e1b215a955ce20db,200,2022-01-04T00:23:18.658144,,
97046,application/json,1.557,504c4c95f0386ed91bb3e2e4bbc801f6cc9a3e5d48ef5942e650de7bc90990e4,b2a456b6735fb44e4ec7b86f1dd662802a3b123d29accc057149c24ebdbdfe09,200,2022-01-04T00:23:18.658144,,
,,120.198,5c77ad0fb2f636d434a873f6de0d29aaeaca7c37808b77e00dfe6b8726988bf2,,,2022-01-04T00:23:18.658144,,
20095,application/zip,0.098,810751d8f4697034343d69ea0b5f365362089c9d2c083a63d6a3815b17b2a44b,2c8acd4d9e2920fb257b14ebcfb42344dea71e76572966f47f95641e0984fabe,200,2022-01-04T00:23:18.658144,,
145115,application/zip,0.107,9303b2ab116396afad0e4b9f9c827ae2993fa8cc355398eb164e6b4081cfbc5c,cab148c36aaec04f795c14ab88b2bba4b1d713578d17dab1b5e4d782ee78b705,200,2022-01-04T00:23:18.658144,,
23511,application/zip,0.138,b40560f8bae3605c599de6cdd59271c4b218c305134fd32586e20a681c183f74,f9c98a7bb2fe99b4fffb86a5d8f4d840119f6fa72c7b2876ed5dac7d78fa39bf,200,2022-01-04T00:23:18.658144,,
34852,application/zip,0.099,b7c82241d5ad27c0f92cb464dca91aea2461802b345fe3e9df55e844f4dc477e,20ab1d84c669217e70328f90d2379c75c59a3889945bfba4941090021ab2214f,200,2022-01-04T00:23:18.658144,,
148984,application/json,1.512,f8d5163c023f27f599fee22535f5959e52f18313755fcb3243c78577985cda2d,8f35e0a7bbca0daeda982d6f39aac0afa7b0fae1bf9419c53a5d279f450ad7b3,200,2022-01-04T00:23:18.658144,,
4371241,application/json,1.943,41fc6aaaf2059002dfe1401841e88a56278f580c6c425683f5fba935b339bdcd,7315d937dcef7d3b9028d71e0ce6cd9b0277e36cb2b69783e1b215a955ce20db,200,2022-01-05T00:25:17.477296,,
97046,application/json,1.668,504c4c95f0386ed91bb3e2e4bbc801f6cc9a3e5d48ef5942e650de7bc90990e4,b2a456b6735fb44e4ec7b86f1dd662802a3b123d29accc057149c24ebdbdfe09,200,2022-01-05T00:25:17.477296,,
,,120.26,5c77ad0fb2f636d434a873f6de0d29aaeaca7c37808b77e00dfe6b8726988bf2,,,2022-01-05T00:25:17.477296,,
20095,application/zip,0.26,810751d8f4697034343d69ea0b5f365362089c9d2c083a63d6a3815b17b2a44b,2c8acd4d9e2920fb257b14ebcfb42344dea71e76572966f47f95641e0984fabe,200,2022-01-05T00:25:17.477296,,
145115,application/zip,12.98,9303b2ab116396afad0e4b9f9c827ae2993fa8cc355398eb164e6b4081cfbc5c,cab148c36aaec04f795c14ab88b2bba4b1d713578d17dab1b5e4d782ee78b705,200,2022-01-05T00:25:17.477296,,
23511,application/zip,0.201,b40560f8bae3605c599de6cdd59271c4b218c305134fd32586e20a681c183f74,f9c98a7bb2fe99b4fffb86a5d8f4d840119f6fa72c7b2876ed5dac7d78fa39bf,200,2022-01-05T00:25:17.477296,,
34852,application/zip,8.909,b7c82241d5ad27c0f92cb464dca91aea2461802b345fe3e9df55e844f4dc477e,20ab1d84c669217e70328f90d2379c75c59a3889945bfba4941090021ab2214f,200,2022-01-05T00:25:17.477296,,
148984,application/json,2.109,f8d5163c023f27f599fee22535f5959e52f18313755fcb3243c78577985cda2d,8f35e0a7bbca0daeda982d6f39aac0afa7b0fae1bf9419c53a5d279f450ad7b3,200,2022-01-05T00:25:17.477296,,
4371241,application/json,0.921,41fc6aaaf2059002dfe1401841e88a56278f580c6c425683f5fba935b339bdcd,7315d937dcef7d3b9028d71e0ce6cd9b0277e36cb2b69783e1b215a955ce20db,200,2022-01-06T00:23:12.142353,,
97046,application/json,0.608,504c4c95f0386ed91bb3e2e4bbc801f6cc9a3e5d48ef5942e650de7bc90990e4,b2a456b6735fb44e4ec7b86f1dd662802a3b123d29accc057149c24ebdbdfe09,200,2022-01-06T00:23:12.142353,,
,,120.201,5c77ad0fb2f636d434a873f6de0d29aaeaca7c37808b77e00dfe6b8726988bf2,,,2022-01-06T00:23:12.142353,,
20095,application/zip,0.099,810751d8f4697034343d69ea0b5f365362089c9d2c083a63d6a3815b17b2a44b,2c8acd4d9e2920fb257b14ebcfb42344dea71e76572966f47f95641e0984fabe,200,2022-01-06T00:23:12.142353,,
145115,application/zip,0.12,9303b2ab116396afad0e4b9f9c827ae2993fa8cc355398eb164e6b4081cfbc5c,cab148c36aaec04f795c14ab88b2bba4b1d713578d17dab1b5e4d782ee78b705,200,2022-01-06T00:23:12.142353,,
23511,application/zip,0.184,b40560f8bae3605c599de6cdd59271c4b218c305134fd32586e20a681c183f74,f9c98a7bb2fe99b4fffb86a5d8f4d840119f6fa72c7b2876ed5dac7d78fa39bf,200,2022-01-06T00:23:12.142353,,
34852,application/zip,0.114,b7c82241d5ad27c0f92cb464dca91aea2461802b345fe3e9df55e844f4dc477e,20ab1d84c669217e70328f90d2379c75c59a3889945bfba4941090021ab2214f,200,2022-01-06T00:23:12.142353,,
148984,application/json,0.698,f8d5163c023f27f599fee22535f5959e52f18313755fcb3243c78577985cda2d,8f35e0a7bbca0daeda982d6f39aac0afa7b0fae1bf9419c53a5d279f450ad7b3,200,2022-01-06T00:23:12.142353,,
